# Corrections that must win over the imported translations (loaded first). English|French|Corsican
Forum|Forum|Foru
Share Your Screen|Partager l'écran|Sparte u screnu
Share Screen|Partager ton écran|Sparte u to screnu
Disable|Désactiver|Disattivà
Invite|Inviter|Invità
Invite Friends|Inviter des amis|Invità amichi
Invite People|Inviter des gens|Invità ghjente
Leave Server|Quitter le serveur|Lascià u servore
Reaction|Réaction|Reazzione
Add Reaction|Ajouter une réaction|Aghjunghje una reazzione
Pin|Épingler|Puntà
Pinned Messages|Messages épinglés|Messaghji puntati
Mention|Mention|Mintuvata
Mentions|Mentions|Mintuvate
Thread|Fil|Filu
Threads|Fils|Fili
Voice Channel|Salon vocal|Canale vucale
Text Channel|Salon textuel|Canale di testu
Channels|Salons|Canali
Channel|Salon|Canale
Voice Call|Appel vocal|Chjama vucale
Video Call|Appel vidéo|Chjama in videò
Join|Rejoindre|Raghjunghje
Discover|Découvrir|Scopre
Subscriber|Abonné|Abbunatu
Moderator|Modérateur|Muderatore
Ban|Bannir|Sbandisce
Kick|Expulser|Espulsà
Quests|Quêtes|Cerche
Quest|Quête|Cerca
Friend|Ami|Amicu
Mute|Sourdine|Ammutulisce
Pinned|Épinglés|Puntati
# dettagliu, plural dettagli (wording chosen by the project).
Details|Détails|Dettagli
See details|Consulter les détails|Vede i dettagli
View details|Afficher les détails|Affissà i dettagli
Hide details|Masquer les détails|Piattà i dettagli
Login detail menu|Menu des détails de l’identifiant|Listinu di i dettagli di l’identificazione di cunnessione
Custom search engine details|Détails du moteur de recherche personnalisé|Dettagli di u mutore di ricerca persunalizatu
Show less|Afficher moins|Menu dettagli
An error occurred while loading the message details.|Une erreur est survenue lors du chargement des détails du courriel.|Un sbagliu hè accadutu durante u caricamentu di i dettagli di u messaghju.
Message details|Détails du courriel|Dettagli di u messaghju
More|Détails|Dettagli
There was a problem with your last action. If you think this is a bug, please tell us exactly where it occurred.|Il y a eu un problème lors de votre dernière action. Si vous pensez que c’est un bogue, merci de de décrire ce qui l’a produit.|Ci hè statu un penseru cù a vostra ultima azzione. S’è vò pensate chì ghjè un penseru ci vole à dicci in dettagli induve hè accadutu.
Database error. Sorry, but we don't have more details.|Erreur de base de données. Désolé, mais nous n’avons pas plus de détails.|Sbagliu di basa di dati. Per disgrazia, ùn avemu micca dettagli.
Problem details|Détails du problème|Dettagli di u prublema
Show Log for Details|Afficher le journal pour les détails|Affissà u ghjurnale per i dettagli
Error details: %s||Dettagli di u sbagliu : %s
&Details|&Détails|&Dettagli
Project check found file inconsistencies during automatic recovery. Select 'Help > Diagnostics > Show Log...' to see details.|Le vérificateur de projet a trouvé des incohérences de fichier pendant la récupération automatique. Sélectionnez 'Aide > Diagnostic > Afficher le journal…' pour voir les détails.|U cuntrollu di prughjettu hà trovu incuerenze di schedariu durante a ricuperazione autumatica. Selezziunà « Aiutu > Diagnostichi > Affissà u ghjurnale… » per avè più di dettagli.
Details|Détails|Dettagli
View Details…|Voir les détails…|Affissà i dettagli…
View details…|Voir les détails…|Affissà i dettagli…
Entries with errors were marked in red in the list. Details of the error will be shown when you select such an entry.|Les entrées comportant des erreurs ont été marquées en rouge dans la liste. Sélectionnez-les pour en afficher les détails.|Entrate cù sbaglii sò marcate di rossu in a lista. I dettagli di u sbagliu seranu videvule quandu l'entrata serà selezziunata.
Couldn’t download Localazy project details.|Impossible de télécharger les détails du projet Localazy.|Impussibule di scaricà i dettagli di u prughjettu Localazy.
WinMerge comes with ABSOLUTELY NO WARRANTY. It is free software and can be redistributed under the conditions of the GNU General Public License - see the Help menu for details.|WinMerge est livré avec ABSOLUMENT AUCUNE GARANTIE. Il s'agit d'un logiciel libre et peut être redistribué selon les conditions de la licence publique générale GNU - voir le menu Aide pour plus de détails.|WinMerge hè furnitu senza ALCUNA GUARANTIA. Ghjè un prugramma liberu ch’ellu si pò ridistribuisce secondu à e cundizioni di a Licenza Publica Generale GNU ; fighjate i dettagli in u listinu d’aiutu.
Describe the problem in detail to help us investigate the issue|Décrivez le problème en détail pour nous aider à enquêter sur le problème|Discrivite u prublema in dettagliu per aiutacci à determinane l’origine
Describe the problem in detail to help us investigate the issue (optional)|Décrivez le problème en détail pour nous aider à enquêter dessus (facultatif)|Discrivite u prublema in dettagliu per aiutacci à determinane l’origine (ozzionale)
Detail|Détail|Dettagliu
VLC is unable to open the MRL '%s'. Check the log for details.|VLC ne peut pas ouvrir « %s ». Vérifiez les messages pour plus de détails.|VLC ùn pò micca apre MRL '%s'. Verificate u ghjurnale di i messaghji per i dettagli.
VLC cannot open ANY capture device. Check the error log for details.|VLC ne peut trouver de périphérique de capture. Vérifiez les messages pour plus de détails.|VLC ùn pò micca apre alcunu apparechju di cattura. Fighjate u ghjurnale di sbagliu per più di dettagli.
Detailed List|Vue détaillée|Lista cù Dettagli
Show/hide the queue details panel|Montrer/Cacher le panneau détaillé de la file d'attente|Affissà o piattà a finestra di i dettagli di fila d’attesa
There was a problem with your last action. If you think this is a bug, please tell us exactly where it occurred.|Il y a eu un problème lors de votre dernière action. Si vous pensez que c’est un bug, merci de décrire ce qui l’a produit.|Ci hè statu un penseru cù a vostra ultima azzione. S’è vò pensate chì ghjè un penseru ci vole à dicci in dettagli induve hè accadutu.
Project check found file inconsistencies during automatic recovery. Select 'Help > Diagnostics > Show Log...' to see details.||U cuntrollu di prughjettu hà trovu incuerenze di schedariu durante a ricuperazione autumatica. Selezziunà « Aiutu > Diagnostichi > Affissà u ghjurnale… » per avè più di dettagli.
